A1,B1,C1,A2,B2,C2,Distance
0.85,1.86,9.06,-5.04,-0.96,6.03,5.75
-9.8,-4.07,7.38,-6.07,-4.03,2.68,0.41
2.79,1.63,-2.08,-3.93,1.4,-8.32,3.32
-5.86,0.05,6.3,-3.15,9.76,2.03,0.76
0.47,0.93,1.99,4.67,-5.29,-5.5,4.12
7.32,-7.89,0.5,3.99,4.53,-4.48,0.68
-3.28,-2.96,-0.29,0.95,-7.04,-7.88,0.49
7.43,6.61,-1.29,8.44,9.15,4.83,0.52
8.65,7.98,3.75,-8.18,-4.98,5.12,2.57
-0.75,-2.51,-2.7,-2.42,7.66,1.43,3.11
4.45,3.07,5.82,2.71,-7.36,4.16,2.53
9.69,-4.8,-7.96,8.9,-1.79,7.07,1.85
-7.25,-1.41,3.51,-6.56,0.35,-3.81,0.83
-5.5,6.19,-7.67,3.51,-6.51,9.05,1.66
4.71,4.71,5.99,-9.65,7.83,-9.46,3.22
-4.8,2.88,-0.94,-8.49,9.36,-4.83,0.2
-0.07,-9.41,-9.04,-1.27,7.68,2.34,3.09
4.03,-1.37,7.69,3.96,4.96,-7.13,2.15
1.69,-3.9,-2.37,-6.02,-1.63,5.92,0.8
3.19,0.76,-0.31,-8.8,6.51,-2.64,1.56
7.45,-1.34,-6.09,-3.11,-8.4,4.44,0.79
7.04,-0.0,-9.06,-2.46,7.47,6.93,1.81
8.11,-3.22,8.88,-8.16,8.93,2.48,1.31
0.88,-1.21,-8.49,-6.0,-7.49,-0.78,4.41
9.88,-6.45,-6.18,8.6,-5.23,-8.67,0.29
6.14,4.54,4.36,1.55,9.94,4.85,0.35
3.76,9.48,2.37,4.63,6.72,7.73,0.81
-7.05,5.15,-0.9,-3.12,8.6,-3.94,0.49
-2.22,5.88,4.82,-8.32,-0.51,6.9,1.58
1.56,-9.48,0.91,-7.58,-3.77,6.07,0.11
-6.53,-3.62,-4.9,-3.95,8.2,-0.88,2.39
3.21,-7.1,1.32,7.55,-4.88,9.53,1.69
-2.44,6.18,-3.96,5.5,-5.74,-8.95,1.12
5.58,5.46,-0.66,2.91,-2.59,6.47,0.41
-1.59,-1.66,-0.77,1.11,-7.54,6.27,1.73
2.11,-0.88,-2.75,8.66,6.5,-6.44,1.47
-6.54,-4.19,3.65,4.66,8.15,-2.03,2.06
-7.68,-5.06,8.64,3.55,7.07,-8.5,0.71
7.4,1.7,-5.82,4.31,-9.9,-7.17,1.61
-5.97,4.21,8.93,-6.0,-7.17,2.57,2.12
-6.44,9.15,-9.99,-8.31,8.94,-2.82,0.47
-7.03,-8.1,9.01,5.21,6.5,-2.98,1.62
4.18,-8.03,-6.53,2.17,8.02,-7.32,1.49
0.22,5.16,3.89,-1.42,-0.01,3.45,0.37
8.15,-8.91,-8.95,0.39,0.8,5.74,8.59
6.41,8.46,7.66,1.16,6.49,-4.19,1.6
-5.05,7.87,-1.35,4.49,-1.73,-7.13,1.07
1.99,-2.74,2.05,-3.36,0.47,-4.94,2.69
1.95,-0.69,-4.66,-1.98,-4.74,3.56,1.03
9.97,1.59,3.25,1.96,-9.44,-2.03,2.45
3.59,-8.44,-9.53,-1.54,0.26,-9.62,5.41
-0.87,9.19,-3.87,-1.54,-7.43,-7.18,2.61
9.19,-2.52,-9.44,-6.29,-3.94,3.52,0.61
9.29,0.78,4.66,2.84,-0.61,3.78,0.49
-0.08,8.14,8.93,-7.04,-0.99,-2.22,3.53
-5.66,9.69,7.13,-9.15,5.14,-2.49,1.61
7.54,1.48,9.16,1.92,9.25,-2.27,1.42
-2.6,-3.35,3.85,-1.09,-5.62,7.9,0.7
1.47,-6.51,7.34,0.61,-8.23,-1.58,1.46
-9.35,-7.24,-0.55,-8.71,7.88,8.18,2.08
-5.53,1.97,2.8,3.73,8.24,4.73,1.98
5.27,1.53,-5.01,7.73,-6.79,-1.22,0.35
-9.76,-5.13,-3.88,6.82,-4.53,5.45,2.65
-4.75,4.97,-5.19,-4.25,0.33,-3.59,1.04
-2.32,-4.13,-3.78,-9.51,-9.39,-5.1,0.36
4.12,-6.65,8.82,-7.41,0.86,-6.29,2.53
4.35,-6.79,-6.44,2.23,5.55,-0.51,2.32
5.29,-0.42,9.78,2.84,-2.85,-3.84,3.72
-8.32,5.18,-4.43,-0.02,-7.18,5.99,0.6
6.82,-6.2,4.13,-0.72,6.23,-1.53,0.12
7.82,-0.98,-1.92,-2.94,3.17,0.96,0.35
-2.69,-5.17,7.15,-9.07,-0.49,-7.35,1.74
8.63,7.28,8.5,-0.16,1.93,-6.2,4.45
-8.02,-2.01,-4.42,-9.38,1.89,7.03,1.7
-0.76,1.73,8.58,-2.02,9.43,-4.57,4.76
9.29,-0.06,-8.78,-5.07,3.78,6.48,0.77
1.1,-6.61,-1.93,8.02,-9.25,4.88,1.41
-4.63,-5.87,-3.04,3.03,-9.62,1.46,1.3
2.47,1.89,0.42,8.39,4.0,-9.96,1.28
-1.85,1.26,1.8,-6.22,5.56,-8.06,1.59
3.58,2.99,1.19,5.06,2.81,-4.67,1.11
-3.75,-8.27,-3.64,4.99,2.36,2.96,3.59
-5.78,-4.38,2.7,8.05,-6.28,9.94,2.18
6.24,-3.96,2.05,9.89,4.07,8.36,1.5
6.48,7.24,1.82,2.09,8.47,-3.82,0.83
0.5,-7.47,-2.02,-6.86,7.06,5.41,1.77
8.08,-7.46,1.46,5.77,4.63,-6.89,0.29
-1.8,-4.08,7.88,6.55,1.17,-5.12,0.06
-0.14,-2.79,-1.43,6.74,7.19,-0.94,2.88
8.8,1.89,2.44,8.55,4.09,4.85,0.39
-5.86,-8.68,9.91,5.49,3.24,0.48,1.89
-5.19,6.59,-3.33,6.77,-8.78,-0.83,0.03
-6.93,-1.7,-3.18,1.62,0.63,2.33,4.29
1.99,-2.38,-7.72,9.27,-6.57,1.68,3.0
-5.86,0.51,-1.91,-9.41,-3.26,-2.83,0.32
0.55,-7.55,-9.74,0.46,-6.76,-8.78,0.01
4.55,9.4,2.49,6.75,-6.98,7.7,0.8
2.82,-0.69,8.16,-7.64,6.56,9.1,2.75
7.6,-9.01,-0.57,2.77,-5.69,-1.59,0.54
8.39,3.69,-8.41,-2.42,-1.48,-7.3,4.35
-8.82,0.74,-4.79,-8.43,-9.34,-4.11,0.28
-1.81,4.32,8.32,7.99,-0.74,7.35,0.49
-2.55,-6.25,5.42,-0.82,4.14,-5.72,0.07
-3.25,6.48,-0.75,0.64,-3.99,9.83,1.26
-6.12,3.17,6.56,6.91,-1.58,2.97,0.65
7.6,7.78,-8.72,5.21,6.63,-1.09,0.66
-8.44,8.16,-9.99,6.77,8.22,1.37,2.41
-6.05,0.97,-4.47,-8.37,4.1,-3.98,0.67
-8.59,-1.78,8.08,-8.99,-9.87,-3.74,1.43
-3.81,-8.95,9.79,-9.32,-2.87,-0.61,1.01
9.35,2.83,0.05,9.11,9.48,3.75,0.45
-0.22,-2.24,-0.14,-4.53,2.22,1.22,0.94
6.53,9.55,-8.5,9.19,4.31,-9.1,0.22
3.04,-3.35,1.25,-2.28,-9.2,-8.9,2.36
-0.46,-3.93,-0.68,-2.32,0.29,4.05,2.15
-3.69,-5.13,-4.04,-9.79,9.13,-0.06,1.98
-2.3,-5.21,-7.96,9.94,-7.63,5.89,3.37
0.09,5.66,-9.05,-6.96,-6.74,3.18,0.5
0.22,4.64,-4.38,1.19,9.82,5.46,1.56
-1.99,-6.16,-3.9,-6.07,1.41,-6.13,0.13
-9.67,2.68,-2.21,-5.07,-9.18,5.2,0.05
-4.35,2.03,-4.39,-2.01,-6.77,-1.53,0.06
1.44,6.92,-7.25,5.25,5.73,-6.52,0.42
4.74,-9.88,-5.31,7.59,-8.04,-3.72,0.58
4.43,-5.26,8.16,9.85,6.87,-0.66,0.27
0.89,2.7,5.5,-3.86,3.98,-4.86,4.05
-5.7,8.91,-2.84,5.6,7.52,-4.53,0.88
0.35,-5.79,-4.01,5.74,7.5,-3.01,2.71
2.78,-7.63,6.44,-1.43,6.02,-3.26,0.02
-5.27,-1.54,7.3,6.11,1.18,-0.55,0.99
-4.23,-2.82,4.5,-5.6,-4.02,4.65,0.22
-8.59,9.17,2.83,7.08,7.51,-2.18,0.93
-8.05,-7.82,0.44,9.34,4.74,-7.01,2.05
0.45,-5.81,5.52,-6.36,8.45,-6.91,0.48
1.8,-1.2,6.76,3.25,6.4,1.01,1.92
-1.24,3.75,-6.97,3.3,2.18,-9.28,0.17
4.4,-5.04,-5.46,9.41,5.15,5.35,2.77
-2.89,-5.3,4.22,-5.24,-2.89,6.01,0.3
4.54,4.42,4.52,-9.56,-0.93,2.57,2.95
-5.11,-4.82,2.88,4.55,2.42,-6.07,1.18
9.74,-6.77,6.33,-6.47,9.19,4.66,0.13
-7.51,-6.68,-7.33,4.46,-9.58,-1.17,1.55
2.26,7.05,-7.49,3.02,8.36,-6.28,0.33
3.4,1.95,-7.85,-6.56,1.97,7.28,1.03
1.87,-0.98,-8.93,-3.14,-0.08,-8.89,0.05
8.55,8.41,-9.46,-1.15,6.13,-3.83,0.44
-0.38,-1.64,-9.62,-7.72,1.33,8.52,7.19
-8.89,-5.76,1.5,-8.83,-5.88,-4.32,0.55
9.39,1.04,1.67,-6.93,-8.31,-8.86,3.51
-2.38,5.96,-0.6,9.82,-8.25,-6.43,0.84
6.93,-8.48,-2.2,-9.0,-5.88,3.84,0.68
1.23,8.99,-1.8,7.05,-2.23,-9.07,1.5
-5.69,-8.54,1.75,-0.42,-6.21,8.12,1.46
-4.66,3.86,-7.49,7.43,9.92,0.67,2.82
-5.86,-6.9,-6.89,-8.02,8.02,-8.73,1.4
-8.37,-8.67,-8.27,-5.84,-4.35,-8.54,0.47
-8.29,-9.28,5.09,-3.0,3.05,9.17,3.16
-6.73,-8.37,2.53,-0.79,-6.32,6.82,1.12
-6.6,4.61,5.07,-8.55,2.32,4.37,0.59
-3.59,-8.49,-9.93,3.92,3.44,6.69,5.08
3.19,-7.46,-4.96,-7.3,-4.29,2.77,0.1
-4.82,-3.15,-0.43,-8.13,-5.38,5.11,0.6
-3.6,-4.41,-7.28,9.54,-3.54,-1.92,3.09
0.34,-1.54,0.78,-8.78,-9.52,-8.13,1.77
9.3,-2.28,1.47,-0.64,-7.81,1.65,1.75
-6.34,-0.1,-4.18,4.52,-6.5,-9.21,0.26
-0.1,-9.35,1.63,-8.44,-0.12,-7.07,1.02
6.95,3.76,2.37,-3.64,-7.35,1.03,2.87
0.63,-9.38,0.85,5.51,1.6,-0.02,2.08
-7.63,8.88,7.41,3.03,7.09,-9.05,0.6
4.37,3.85,6.25,1.17,9.68,-0.1,1.38
-1.14,-7.5,-0.5,6.59,-8.05,-7.82,0.31
-5.18,4.63,-8.4,1.49,8.25,-9.61,1.3
0.01,-7.69,4.87,-1.48,-4.0,4.75,0.19
6.19,2.16,-9.49,5.61,8.34,-5.44,1.02
0.01,5.31,-8.77,-0.69,-8.49,-7.59,1.32
1.25,0.65,9.59,-7.04,-8.37,-4.88,10.01
2.53,5.75,-7.58,5.58,2.54,-6.87,0.09
-3.37,6.39,-5.05,4.93,-2.35,-5.21,0.2
0.05,-0.73,7.76,8.17,-7.44,5.42,9.12
-0.93,7.29,-8.94,3.78,-7.2,-0.98,0.19
6.48,9.72,5.06,-0.73,-7.02,6.16,2.05
-7.54,0.45,8.94,3.06,-2.45,5.71,1.37
1.45,6.73,-7.19,7.46,-6.62,7.74,0.72
-3.59,8.05,-0.25,-7.05,9.39,3.88,0.05
6.31,1.78,-6.23,-1.59,-7.3,-6.45,2.34
-8.41,6.8,-4.8,3.15,-0.94,-8.42,1.3
-1.39,3.24,2.31,-8.01,9.12,4.06,0.75
7.36,0.72,3.65,0.82,7.12,-4.02,1.04
-4.57,9.17,3.54,8.33,3.88,-8.39,0.38
3.19,4.14,-8.57,-2.13,-6.22,-7.93,2.24
-2.29,-8.24,6.57,5.08,-6.75,-0.71,0.18
5.36,5.43,-4.72,8.72,-1.07,3.64,0.49
-8.26,-3.5,7.34,-6.48,2.47,-6.1,0.97
1.06,-9.99,-5.08,6.14,-5.25,8.8,2.59
9.74,-3.36,4.03,2.87,-1.63,-1.16,0.99
3.17,2.35,1.72,-5.01,8.91,1.29,1.33
4.55,-4.31,4.68,-2.26,-6.97,-5.42,2.78
6.32,8.48,-2.25,4.45,2.89,-7.87,1.29
-6.8,-1.03,-4.43,-4.96,-9.7,3.69,0.78
-7.81,6.54,-4.72,-0.25,-5.51,-3.43,1.08
-2.6,-6.06,4.39,-8.41,-3.25,8.99,0.35
0.8,1.71,-6.35,-7.64,-2.28,-8.19,0.24
-7.65,-2.96,-5.24,1.34,3.09,-2.41,2.53
-9.09,1.31,7.3,9.32,-9.86,3.99,0.31
3.53,5.47,-8.13,6.41,-6.43,-8.62,1.09
-2.93,-7.97,-9.72,-1.29,-7.58,-5.41,0.57
9.79,-7.01,7.98,5.42,7.52,5.6,1.11
-9.97,-9.3,-1.09,-3.81,-9.08,4.76,0.67
1.62,1.34,2.71,5.96,2.96,-5.33,2.16
-7.99,-0.13,-5.72,-8.14,-0.79,-6.59,0.17
-2.17,-3.95,0.83,-4.68,8.97,-6.1,0.99
9.94,-7.29,-0.22,8.28,1.86,2.4,1.28
7.49,-2.23,0.81,-7.01,5.95,-2.97,1.22
-7.24,4.68,-5.07,2.24,0.36,-1.47,1.38
3.94,-4.78,-0.89,3.82,-6.72,-3.31,0.52
-2.12,7.08,7.67,-1.37,9.71,-5.48,1.42
9.73,5.69,-4.47,-1.72,1.03,-3.63,3.13
1.78,2.19,-9.18,-3.11,1.91,-6.52,0.27
-7.93,-6.44,-1.14,2.12,7.97,-6.63,1.94
-1.65,3.87,-5.31,4.02,2.13,-8.45,0.23
-6.43,-4.09,3.94,-6.59,-6.49,-2.69,0.84
-1.62,6.3,-9.92,-8.09,-4.0,-9.42,1.58
-1.69,-9.69,-3.85,5.12,2.63,5.26,3.81
-4.31,8.18,3.23,6.72,8.37,7.38,1.33
-6.76,-6.72,0.01,6.95,-3.42,-9.09,0.7
-7.56,1.43,0.37,-3.2,-9.62,-5.0,1.01
5.19,-6.4,-9.26,1.74,3.67,5.36,3.92
8.11,-7.24,-8.87,-0.04,-0.25,2.63,9.98
-2.54,3.65,2.92,1.46,-3.4,3.77,0.41
5.08,-6.07,-9.16,1.5,7.59,0.39,2.51
9.17,5.45,7.99,-1.86,-1.17,-0.91,3.91
-9.39,3.49,-5.92,-4.88,6.21,-2.59,1.02
7.22,-3.04,-5.33,8.88,-8.01,-4.67,0.17
8.13,3.48,-5.71,3.44,5.59,-6.7,0.31
-6.3,-1.1,-7.95,-4.68,-6.94,9.67,2.17
7.36,3.12,-3.19,-6.28,4.41,-1.35,1.33
-9.27,6.48,-5.2,0.4,-3.19,8.02,2.33
0.94,-8.19,0.59,-7.43,-1.21,9.4,0.91
9.86,-3.04,-7.67,-7.09,3.73,-7.64,1.29
0.33,2.41,9.76,6.16,7.39,5.4,3.17
6.21,-3.6,-4.25,-1.75,0.7,7.53,3.67
5.77,-8.96,-2.67,5.31,9.93,-8.46,1.15
-0.07,5.53,8.06,7.57,-1.97,-1.48,1.92
-1.76,4.94,-2.04,6.39,-6.35,4.9,0.33
-0.94,-6.11,2.8,9.1,-1.2,-2.72,1.25
-6.92,2.25,5.41,-1.09,-5.71,-1.06,1.45
0.09,-1.13,4.08,-6.74,-8.65,8.03,3.35
-4.2,2.73,7.98,-6.55,6.81,4.58,0.79
9.75,4.24,-6.17,-6.46,5.44,-8.11,1.82
-3.74,-3.91,7.74,2.55,1.43,-9.67,1.96
9.61,-2.7,1.03,-5.46,7.25,-2.61,0.89
-6.36,3.66,1.37,-2.9,-3.23,4.25,0.25
0.59,7.59,-8.74,9.16,6.75,-2.01,1.3
-9.58,8.19,-5.99,-3.27,-0.17,-6.21,2.36
8.59,-8.47,0.14,6.88,9.11,0.94,1.46
-0.24,1.03,-5.14,7.75,-7.85,5.9,4.64
5.51,7.53,-8.29,-0.46,-9.7,5.14,1.03
-4.87,7.56,-7.19,-1.25,-4.81,-6.21,1.97
-6.42,-6.18,-8.99,-4.55,-7.15,1.96,1.27
-0.83,4.33,-0.99,5.75,4.99,8.2,1.92
1.39,8.45,8.15,5.37,0.47,9.11,0.67
4.67,0.84,9.4,-1.2,5.08,3.32,1.76
-1.41,-5.21,-8.46,8.18,1.02,1.52,4.09
-5.86,8.2,1.17,-8.99,-1.87,1.32,1.39
5.4,5.57,-8.34,6.7,1.04,-2.76,0.4
7.87,-7.48,4.52,1.02,1.32,-5.11,2.11
9.52,-2.93,-5.86,1.32,-8.45,-1.69,1.1
-7.01,6.04,-6.31,2.91,2.89,7.5,4.03
5.9,3.81,5.78,-6.5,2.4,-3.41,3.29
-0.33,1.03,2.76,3.85,-2.48,-8.55,4.77
6.83,-9.0,0.12,-2.53,4.47,7.31,1.98
9.3,3.21,-3.33,5.2,8.27,8.86,1.35
-4.94,3.1,7.0,-2.09,-8.7,-2.4,2.36
-1.47,4.16,5.14,-3.43,-2.34,8.07,1.22
-1.33,-0.45,-9.78,2.18,7.94,4.16,9.97
-5.13,3.0,-5.14,-8.37,-9.44,1.9,0.04
5.55,7.4,3.87,-6.35,8.87,4.84,1.14
4.5,9.37,9.87,-1.63,-0.86,3.01,2.0
2.9,-0.19,-0.95,-9.89,2.43,1.74,1.17
-6.63,3.45,-5.07,-6.8,-2.67,1.89,0.07
6.79,-5.33,3.99,2.68,5.31,2.66,1.16
-1.27,8.17,-3.4,5.75,-7.0,-5.96,1.22
9.31,-3.6,1.26,8.51,-1.12,-3.11,0.2
-1.69,0.5,0.64,-4.98,1.88,-4.84,1.18
2.64,-2.08,-0.46,-1.71,-0.8,-2.8,2.84
0.05,-8.95,-0.72,9.83,0.73,8.51,3.01
-7.47,7.95,-3.84,-6.12,7.52,-6.36,0.2
-1.49,-4.36,3.88,1.18,7.54,2.16,1.85
-5.97,9.39,6.97,-0.12,3.34,6.73,2.04
-2.5,1.44,0.78,-4.4,0.13,-6.41,2.33
3.8,2.13,6.56,-3.79,-7.05,0.76,4.13
7.02,8.89,-8.99,-9.9,-8.35,7.62,1.43
-4.78,4.92,4.49,-8.28,-5.41,7.9,1.26
-9.38,2.77,5.0,4.57,-2.55,-5.17,0.44
-2.7,-5.39,-0.96,-7.43,0.23,-0.44,0.47
-2.2,-9.66,9.09,8.18,-0.27,0.97,1.36
1.28,-1.29,-0.97,5.45,9.23,0.12,1.92
4.21,2.73,9.81,-1.63,2.59,9.88,0.2
-8.42,-4.7,-7.98,6.32,-8.05,7.32,2.73
-9.32,-0.08,9.28,-7.85,5.8,1.47,0.05
-4.34,-2.3,3.96,1.55,7.16,-7.12,0.76
2.74,-0.4,8.84,-5.62,-5.74,-5.38,6.12
7.02,-1.23,5.02,3.33,-0.09,4.18,0.71
-5.13,4.97,3.22,-0.75,10.0,-9.99,0.5
4.66,-3.23,5.34,7.38,2.2,1.18,0.2
-9.74,-0.4,0.95,-8.55,-3.2,-5.89,0.99
7.14,-8.43,4.8,2.57,-8.53,2.37,0.72
8.71,6.72,-5.66,-3.78,-2.57,9.8,0.13
-1.35,7.88,9.17,-6.69,0.07,1.15,2.78
0.27,-0.87,-8.5,-0.71,2.4,-2.8,9.55
7.35,-9.89,6.37,1.03,8.25,-4.64,0.25
6.43,6.1,-3.91,8.2,-3.16,-1.22,0.54
1.27,-7.51,5.21,-6.68,-1.6,-8.21,2.27
-5.63,-4.87,-7.99,-3.53,-7.98,4.88,1.72
8.52,-3.06,-9.34,9.09,2.01,8.21,2.5
4.03,0.34,-1.23,-0.24,-0.41,9.04,16.88
-1.32,0.05,-7.5,-8.32,5.03,7.67,7.09
-3.96,-0.34,-3.23,-3.32,-2.53,5.52,1.82
9.83,4.44,7.13,-3.46,-9.76,5.71,2.71
-2.64,4.36,-2.67,6.81,-7.99,5.03,0.55
2.42,0.32,7.95,-4.48,4.61,-9.15,5.78
-7.14,3.57,0.05,2.28,-4.23,6.8,1.45
1.24,9.07,-0.73,-5.59,5.39,3.19,0.66
-6.45,-2.53,-5.97,-3.94,0.37,6.64,2.93
9.88,-0.95,-9.84,3.36,-6.33,1.13,0.17
0.96,-6.07,0.61,1.51,1.34,3.41,3.83
5.01,0.75,-9.1,-6.05,5.24,-5.66,0.15
1.72,5.49,2.36,8.48,3.46,1.29,0.22
3.5,7.66,-3.36,6.65,-0.77,2.91,0.39
7.89,-3.71,2.21,-1.57,5.38,-6.53,1.22
-0.09,1.82,-9.44,-1.26,-9.27,-9.11,2.13
7.39,-4.83,-5.81,9.13,-9.2,7.65,0.95
9.49,-1.78,-6.12,-2.72,6.59,-2.09,0.09
-1.47,-3.39,9.67,0.89,2.94,4.71,1.48
3.93,-4.01,9.11,2.52,3.72,-2.38,0.75
-8.41,1.86,9.77,-4.07,-5.45,7.5,0.67
4.34,-6.01,1.52,-1.95,-5.62,-8.55,2.69
0.13,-9.52,7.0,-5.76,9.39,8.13,1.32
7.46,-7.5,0.58,4.03,-5.97,3.61,0.18
5.92,9.73,-1.79,1.99,4.49,9.87,2.11
-9.43,-6.79,1.02,7.92,5.86,3.88,3.1
2.58,0.49,-3.69,-2.71,6.81,-5.26,0.08
4.71,-1.61,-4.36,4.66,6.09,2.68,2.0
-0.53,2.6,0.34,6.62,7.33,-0.29,0.47
-9.44,6.29,1.51,9.28,9.21,9.49,2.28
7.72,-9.64,-1.46,3.19,-0.63,0.22,1.13
-4.31,8.83,3.34,-3.83,9.42,8.05,0.54
-3.07,-3.75,6.95,2.25,-1.07,-0.9,0.09
6.64,-6.88,3.54,0.55,7.37,1.44,0.92
8.79,9.76,-6.15,-5.21,1.77,-8.05,3.03
-8.99,2.22,5.16,5.01,7.02,-1.92,1.35
-2.25,5.08,-1.16,-4.3,-4.85,-4.48,2.4
-1.38,-0.67,-4.87,-5.53,-2.13,-5.71,2.25
-3.73,9.08,-7.18,4.76,5.88,7.33,2.56
-5.0,4.95,5.36,-0.53,0.79,-2.74,3.36
-1.54,1.03,1.87,5.35,-0.21,-3.87,0.5
2.31,8.02,-1.6,-7.41,-2.65,9.73,1.09
-3.71,2.53,2.43,-0.94,9.14,-0.2,0.59
-1.2,-9.51,3.77,5.32,-8.3,9.49,1.38
1.0,8.15,5.62,2.5,0.7,0.46,0.39
-5.55,5.12,7.92,-8.65,-6.51,-5.16,2.87
3.4,7.83,-1.59,7.77,-0.7,-9.89,1.49
-1.55,-8.07,5.45,-8.38,6.65,-1.38,0.22
-6.61,-3.64,-2.96,-1.35,-5.81,-7.64,0.73
-2.5,6.78,1.86,9.3,-9.8,6.77,0.39
-9.22,6.05,-0.78,1.14,6.79,0.64,1.6
-0.53,-9.57,1.85,-1.96,-8.47,4.74,0.21
-5.12,-5.84,5.54,-1.23,1.11,-6.61,3.36
3.88,-3.97,-3.89,5.74,-3.22,4.41,1.77
6.16,-4.9,9.55,6.98,1.1,-5.12,0.95
-9.61,-4.74,-1.51,9.02,5.51,5.94,3.42
-9.59,8.79,2.72,2.93,8.44,4.17,1.59
-5.16,8.72,-2.41,1.46,-9.75,3.08,0.64
-7.65,-4.08,6.75,7.53,0.71,5.12,2.34
1.26,3.66,-8.03,-1.14,-2.05,-7.58,3.79
4.85,-3.97,0.94,-5.39,8.69,-2.96,0.26
-3.58,-7.29,-3.6,5.08,-3.82,-4.46,1.28
-5.44,-8.73,6.62,-0.01,-0.66,-0.47,0.99
-2.93,-9.05,6.15,-9.95,0.49,1.59,0.18
-7.36,-8.92,3.51,-5.61,-6.09,5.73,0.38
7.04,-4.28,-7.31,8.08,4.32,5.93,2.55
7.72,9.11,-5.21,-7.0,3.63,1.82,1.17
-2.93,-2.51,6.78,3.26,2.86,-9.57,1.14
-9.08,8.09,-8.27,2.21,-8.87,2.6,0.32
2.29,6.05,-9.54,2.61,8.49,8.8,2.43
-0.35,-3.16,-4.19,4.06,6.89,6.13,4.56
8.95,6.72,-2.46,1.01,9.44,5.81,0.53
2.63,-9.31,1.42,2.14,-8.02,5.02,0.44
8.14,-2.39,4.26,-0.34,-3.41,7.08,0.21
-6.75,6.5,5.63,3.89,-3.94,3.35,0.02
-4.82,6.85,-6.06,8.65,-8.99,-7.32,0.13
3.63,1.88,9.67,-8.08,-9.51,-8.68,5.82
-6.07,7.8,1.58,-7.87,2.51,-8.33,1.99
2.4,3.08,2.63,-3.69,-1.66,-0.12,3.43
-9.46,-6.1,-7.23,0.15,-9.49,9.14,2.0
-7.06,5.98,4.96,3.38,-2.6,0.29,0.17
5.22,3.55,-6.34,-9.46,1.05,-2.25,1.5
-2.88,5.8,1.74,-4.01,6.9,0.29,0.32
2.68,-5.34,3.3,-8.27,6.25,4.58,0.14
7.25,8.64,-3.43,-9.9,-8.04,-6.32,3.01
-4.22,-5.66,-4.47,5.74,-7.24,5.41,2.46
-1.41,-5.8,6.75,-1.38,3.19,-4.94,0.82
-9.9,8.04,-5.07,-0.87,4.44,-7.75,0.38
-8.98,-9.82,-5.49,3.89,-1.57,9.89,4.74
6.18,6.17,-7.18,0.62,-5.47,-8.58,3.03
2.58,4.5,-4.77,-7.36,6.04,-7.12,1.33
7.37,-1.96,7.76,3.44,-2.23,9.82,0.96
-1.76,8.14,2.41,-1.4,4.09,-1.13,0.69
-1.37,-3.39,-0.33,7.24,0.73,6.26,3.35
-8.03,0.42,-2.71,-6.39,-8.9,-3.94,0.47
1.63,-3.23,-3.26,-5.27,0.95,9.9,2.39
1.16,8.95,2.51,4.0,-9.09,-0.1,1.92
2.3,-3.81,5.69,0.59,-1.68,-3.54,3.54
0.85,-9.94,-8.24,8.94,9.71,4.28,3.47
-0.23,6.81,7.02,2.33,8.9,-3.94,1.2
-0.94,-0.25,-8.17,0.97,2.15,4.68,12.93
9.11,5.67,8.51,-0.82,6.3,6.69,0.25
-0.53,-0.41,-1.14,-7.49,8.81,6.62,3.79
3.23,9.65,-5.67,-6.54,-7.51,-2.26,2.35
-5.41,4.22,8.4,9.57,-6.7,-9.64,1.63
2.53,-5.73,1.66,0.15,0.89,7.48,9.69
6.49,5.92,-0.13,-1.41,-7.3,-8.7,3.74
-4.15,0.81,0.66,5.13,1.1,1.46,2.1
-9.3,-3.38,6.6,-6.49,-8.59,6.05,0.22
5.84,-1.43,4.37,-8.52,-4.05,3.68,2.4
1.7,-2.62,9.43,-8.18,-7.44,-3.09,4.42
-7.21,-1.74,1.62,-0.49,-0.85,7.48,7.25
-8.63,6.48,7.83,-0.46,-6.76,5.6,0.77
6.44,7.13,-0.67,-9.22,-5.74,2.75,2.47
4.16,-1.93,1.99,4.64,2.56,6.1,1.59
-8.13,-5.78,2.57,-1.13,-8.45,-4.73,0.54
-6.7,5.71,0.02,-5.75,-2.28,4.53,0.46
6.89,0.81,-5.95,9.01,-5.28,2.63,0.36
-6.19,0.18,3.46,0.1,8.03,9.7,2.63
-9.5,5.44,-2.91,5.95,9.28,6.32,2.59
0.96,9.41,-7.46,9.64,4.58,3.21,1.33
-6.67,2.81,6.99,-6.44,-8.38,3.2,1.53
-0.2,-9.24,1.12,-6.77,-0.64,1.96,0.1
0.23,3.75,-2.65,1.32,-9.56,-6.96,1.93
3.97,-5.97,-7.32,2.34,-8.22,3.69,1.04
-4.67,6.78,3.13,0.8,6.98,9.4,1.81
6.96,0.12,-2.05,-4.95,0.83,0.03,1.54
-6.56,-0.43,-5.28,-0.93,-7.42,7.61,1.77
8.13,2.28,-3.6,-7.81,1.33,3.08,1.24
-4.27,-4.73,-6.64,9.18,-1.68,-2.63,2.98
7.73,2.57,-1.49,5.03,-1.46,-6.14,1.57
-6.35,4.88,5.58,3.74,-0.06,-1.9,0.04
5.11,2.13,-6.42,-4.6,8.29,-0.74,0.16
7.27,-9.72,4.14,-3.81,9.22,2.87,0.69
-1.71,9.36,-4.87,-0.63,-9.34,2.45,1.1
-8.46,4.56,7.6,0.78,5.03,8.96,2.52
5.49,-4.4,7.99,-7.19,-0.15,-4.0,2.87
-6.63,6.49,-7.97,5.77,4.1,-3.08,1.83
6.89,7.0,-2.06,-2.53,-1.68,4.52,1.1
1.2,6.72,-9.35,-0.57,6.69,6.6,2.1
-1.83,3.91,3.99,-3.7,-6.88,6.56,1.92
-6.05,-1.45,0.73,-1.26,5.15,-8.73,0.18
-1.36,7.79,2.48,-4.6,-1.0,-6.87,3.78
-0.16,4.14,0.82,-8.89,5.8,1.02,1.35
-5.38,-8.35,-8.76,8.75,-1.3,0.48,3.16
4.85,2.24,-0.52,5.64,6.78,-2.36,0.09
5.45,3.53,-0.65,1.5,6.38,-4.33,0.74
0.33,6.24,6.86,1.48,-4.23,6.83,1.24
8.67,-2.24,-8.51,6.75,-3.59,9.64,1.91
-0.05,-3.33,1.08,-0.94,2.54,-2.39,0.4
-4.45,4.77,0.03,5.98,7.32,6.43,2.03
-4.81,7.53,-1.33,0.41,-9.44,-0.14,1.13
-1.1,2.01,7.17,9.6,-0.43,6.5,1.9
-8.04,7.48,4.85,-7.11,-3.93,0.68,1.67
9.89,-6.32,3.2,-3.49,-0.06,-2.69,2.36
-6.38,0.47,-2.46,-8.75,0.96,6.54,1.17
-8.02,-1.87,-1.13,6.0,7.83,6.64,3.41
-2.82,-0.85,5.56,-7.35,5.71,-7.26,1.6
-1.08,-5.22,-4.07,3.83,5.88,-2.89,2.92
6.33,-6.07,-8.31,-3.75,3.19,5.87,2.0
-1.37,-2.33,3.82,-1.38,5.17,-6.03,0.46
8.31,-2.25,2.67,8.81,-9.44,6.35,0.57
-3.29,4.02,-6.02,9.8,-1.46,-4.14,1.44
5.53,-3.4,8.44,-1.63,-6.91,-3.66,3.35
-2.14,5.0,1.24,-9.71,1.58,-0.47,1.63
-0.71,0.15,0.59,-5.1,8.11,-8.79,0.64
9.79,-6.32,0.32,5.61,8.79,9.95,2.01
-0.2,-5.96,3.04,3.12,-1.02,5.83,2.94
3.66,-9.77,3.54,-8.95,9.54,-4.98,0.09
-3.0,-6.15,-5.52,4.81,6.51,9.78,4.75
-1.75,7.5,-4.9,-3.17,5.56,1.61,0.51
-7.66,-2.98,-8.15,-6.92,5.52,-0.27,2.1
-8.79,9.32,-2.21,6.81,4.99,-1.73,1.32
-0.51,-7.76,-9.93,1.68,-5.84,-7.33,0.45
-1.77,0.51,-6.67,-9.72,-3.81,-4.52,2.58
-8.64,8.84,4.19,9.51,-5.8,9.82,0.86
-5.72,3.76,7.25,-0.17,5.06,1.24,0.44
4.44,6.49,6.0,8.16,3.02,-7.75,1.76
8.76,-3.24,-6.74,7.75,9.86,2.27,1.72
7.4,4.03,5.95,2.75,8.48,-1.71,0.99
-6.76,-9.96,-2.44,5.34,6.6,6.52,3.77
-2.54,1.67,4.61,4.35,2.81,2.82,0.7
6.59,6.06,-6.14,2.16,-9.03,4.66,0.97
7.31,3.43,2.69,8.58,8.38,-3.34,0.53
1.94,1.19,6.61,-0.7,-8.8,-7.69,6.23
-5.79,8.84,2.61,-6.15,-0.1,5.85,0.6
-6.73,2.48,1.32,3.76,2.66,4.99,2.89
-0.57,-0.67,-9.37,-7.21,8.62,-9.57,11.34
-5.33,-2.38,2.99,7.78,-3.68,-1.75,1.08
8.23,-4.54,1.62,7.4,-5.6,-3.86,0.79
-1.45,3.18,4.46,5.15,9.69,4.72,0.01
-9.24,3.53,9.56,2.56,-0.18,-4.56,1.24
-8.78,1.99,-8.06,-9.63,-6.49,2.49,0.48
7.49,-2.77,-10.0,5.6,-2.19,-2.29,0.85
3.7,2.63,9.04,1.15,-9.72,9.94,3.25
6.79,8.46,1.44,2.77,-7.34,6.96,1.23
-7.83,8.9,-6.11,-6.51,-4.19,6.5,0.12
-4.05,-0.83,8.93,-9.41,3.88,-3.15,1.83
-9.03,-9.71,3.88,3.22,-3.38,-3.88,0.26
-6.69,1.84,-1.66,1.9,4.36,-6.08,0.98
6.18,2.26,-8.34,4.32,-4.41,-2.91,0.5
7.39,-1.13,2.26,-1.59,8.28,8.59,0.67
3.03,-4.24,4.34,-6.97,9.65,-4.71,0.77
-9.14,-3.76,4.38,9.35,-9.43,6.89,1.37
-3.8,9.44,-9.4,-8.6,6.13,-1.51,0.01
0.92,8.82,-3.36,-4.7,-1.4,7.41,0.45
-4.77,-5.17,5.82,6.41,-6.73,-3.29,0.2
5.41,2.73,-5.71,-1.84,-1.47,1.68,1.09
-1.09,5.04,-5.24,-3.3,6.75,6.64,1.59
-1.46,6.85,-1.24,5.34,1.19,6.41,1.77
1.28,-1.05,-8.71,4.93,1.26,4.72,7.27
-6.93,-9.8,0.71,4.3,0.19,-5.68,1.06
-0.67,-4.98,1.88,-5.99,-2.76,-8.67,1.89
1.12,4.45,1.49,0.86,1.72,-3.65,2.09
-2.55,-6.47,0.86,-8.75,9.0,1.0,1.27
-8.38,9.59,5.73,8.19,-7.66,-6.04,1.04
9.83,8.36,-3.82,-6.94,-3.69,1.23,2.31
8.52,4.26,0.67,-9.46,2.77,5.44,1.54
8.9,5.54,4.9,7.08,1.59,8.18,0.48
-6.85,-7.36,5.76,8.0,3.64,-7.8,1.28
-6.01,-8.97,-2.74,7.08,7.18,-4.11,2.65
4.65,-4.49,-9.09,-4.01,-0.37,-4.34,0.78
-0.14,-4.22,-4.95,9.03,5.43,-2.47,3.34
-3.7,9.71,8.52,6.2,5.97,3.23,0.39
-0.06,-3.66,1.67,5.11,0.3,8.19,3.22
-8.52,8.01,3.46,-8.45,3.01,9.45,0.19
-3.03,5.72,7.54,5.4,9.43,9.78,0.68
-3.78,0.83,9.87,-7.23,-0.98,-1.09,3.06
-0.36,-6.14,-5.11,-8.88,-4.78,7.62,1.29
2.07,-7.19,-7.43,6.69,-6.23,2.44,1.99
3.06,-9.52,-1.77,7.4,-3.79,-3.38,0.85
-8.89,2.03,-6.46,1.16,0.47,0.74,3.35
9.18,0.45,7.4,-9.8,-4.66,-5.76,3.72
-8.96,-7.28,1.9,-9.79,-8.92,2.08,0.01
-5.46,-1.83,7.82,0.2,3.45,4.9,2.38
-1.51,-9.29,5.21,-6.39,1.91,-0.55,0.16
-5.44,-7.29,1.34,5.12,-4.31,-7.1,0.31
1.61,-5.47,9.21,8.99,8.62,-8.09,0.17
7.68,-5.29,6.47,0.41,2.57,4.83,2.05
-8.81,-1.85,-4.97,9.56,-4.53,3.87,2.58
-4.08,9.91,-7.83,-3.27,-5.75,8.15,0.06
4.05,-5.13,5.17,4.34,-8.33,-9.95,2.11
-5.59,-7.46,4.16,1.88,-0.04,-2.33,0.69
6.65,1.71,7.87,-7.65,-1.56,0.57,3.47
-2.58,-7.69,3.29,0.39,-9.08,8.85,0.88
3.25,2.68,-1.2,9.88,-6.86,5.51,0.41
7.74,8.75,9.65,6.01,3.03,9.24,0.48
3.44,-2.48,9.64,4.47,5.14,8.81,0.2
8.18,-0.27,-8.88,5.95,8.4,4.7,1.97
-6.69,0.48,9.71,-2.51,6.86,0.93,0.2
-0.22,-7.96,5.09,-9.45,-0.82,7.86,0.13
9.54,5.84,2.66,-6.34,-2.89,3.06,2.5
5.17,1.99,4.09,-1.52,-8.93,-9.2,4.2
9.03,1.88,1.11,8.34,9.37,3.53,0.39
8.6,5.51,3.49,-0.11,4.14,2.08,0.25
4.25,-9.89,6.81,-3.11,8.34,-8.95,0.53
-9.37,2.69,7.28,8.27,0.07,-1.93,0.71
8.64,3.17,-0.71,1.69,-6.07,1.65,1.64
-9.21,4.24,-9.47,-2.09,-5.74,2.4,0.54
3.38,-1.29,-5.23,-9.95,-3.81,7.36,0.27
-9.46,-1.68,8.38,2.45,-7.61,2.63,0.03
-0.88,-8.44,8.47,3.4,-3.63,1.62,0.38
-2.55,0.68,1.73,8.12,-3.51,-1.0,0.46
5.95,-3.07,5.08,-2.05,4.98,-6.1,1.78
-3.1,6.04,-3.26,2.2,5.87,4.88,2.11
0.46,2.81,1.92,-9.07,-7.07,6.47,2.66
-1.31,6.92,-0.89,0.07,-0.63,0.44,0.86
7.41,-8.59,-3.18,7.65,4.48,-2.47,1.47
5.97,-7.11,-6.58,-7.38,-0.51,9.83,1.09
-8.16,8.74,3.87,0.27,-7.71,4.12,0.8
2.35,-6.45,-7.41,4.54,1.72,-3.62,2.22
9.01,8.15,2.31,-1.47,5.0,6.18,0.26
9.89,6.65,-8.85,-2.63,-0.64,-3.55,3.16
-7.66,-8.2,-9.04,-9.55,4.31,-6.53,1.1
8.6,8.02,3.2,1.17,-5.72,-9.32,4.06
-1.23,6.02,1.61,-1.76,-3.87,8.61,0.34
-4.34,9.73,-3.8,-9.13,9.55,-0.52,0.16
-6.94,0.88,-8.07,-8.9,0.41,9.58,2.14
7.44,3.16,-4.56,8.38,-7.41,9.4,0.18
-9.72,-0.32,-2.34,-4.9,0.3,3.21,0.99
1.06,4.02,-1.93,7.74,7.14,-0.17,0.64
2.06,-7.07,6.97,-4.78,-6.81,-2.66,1.98
-0.97,2.05,-5.16,6.15,5.13,-8.46,2.15
-1.49,-9.05,-9.86,5.38,-1.87,4.83,3.69
-8.29,-7.1,-2.5,-5.49,-7.89,2.59,0.52
-2.37,7.67,3.82,7.05,-7.85,-4.13,1.6
3.64,-9.42,-4.46,-4.14,5.55,-5.33,0.45
2.02,-0.01,0.87,-3.79,8.08,-3.38,1.32
3.61,-1.63,9.36,-2.65,8.34,9.98,1.07
-4.41,-2.16,-5.11,-3.67,7.94,4.09,3.33
8.05,-8.04,-2.27,4.5,5.85,0.54,1.67
-9.71,-9.18,-1.71,4.67,-7.26,7.71,2.13
-0.82,-7.07,-3.7,7.04,-6.67,-2.67,1.39
-0.81,-6.76,-9.34,-8.29,2.77,-2.86,1.52
3.14,7.76,-5.15,2.34,-1.05,3.96,1.36
-3.3,-2.27,-7.22,-7.8,-1.73,-8.06,0.99
1.73,7.01,9.43,-8.09,-5.12,-7.65,4.7
7.06,-5.82,-2.46,3.94,2.39,3.74,2.32
1.2,8.52,1.8,-6.52,1.75,-9.73,3.49
3.79,-7.26,-0.88,-6.08,-4.87,-8.15,1.92
-9.98,7.62,-0.07,4.71,5.15,-2.07,1.31
7.77,8.51,1.63,0.29,-3.21,5.9,0.63
2.49,-1.64,0.12,3.98,-0.42,6.33,2.15
9.72,-9.61,-8.55,-4.15,8.85,-1.67,0.93
5.92,8.36,-6.14,-8.09,-0.13,-8.73,2.89
-1.81,-8.88,-7.15,-3.11,-6.01,-5.0,0.12
-3.45,3.37,-8.82,-6.0,5.99,3.43,2.25
8.91,4.56,-8.69,3.21,6.47,9.41,2.17
-8.56,9.82,-0.2,0.95,9.7,9.97,2.03
-6.67,-3.72,-4.93,3.52,-3.76,5.37,3.0
-3.69,-1.07,7.7,-9.28,9.02,-9.39,1.51
9.69,-9.3,-8.54,4.6,-5.93,-6.3,0.41
-9.75,-0.46,7.61,-6.61,5.62,-5.77,0.51
9.88,1.06,2.69,-8.02,7.83,1.44,1.26
-7.63,-7.76,0.57,-1.43,-4.6,-3.95,0.71
-0.01,-6.23,7.33,-8.41,9.49,-2.02,0.25
0.47,4.18,0.48,1.44,3.19,-1.86,0.43
4.42,-5.65,-0.43,4.83,9.86,-7.76,0.86
9.48,-6.48,6.0,-0.82,9.78,-9.44,0.83
8.05,-8.99,8.73,2.64,7.91,8.94,1.69
4.99,-5.85,7.85,-3.94,5.07,2.36,0.37
0.76,6.28,3.81,-8.0,4.42,-1.42,2.26
-6.22,1.18,-0.86,-5.07,7.81,-1.86,1.03
8.22,4.53,9.13,9.91,8.35,8.33,0.28
1.78,-4.54,7.1,4.61,3.32,-0.37,0.44
-1.01,5.78,-1.49,-8.39,3.44,-7.23,1.9
8.38,-3.08,6.76,-7.07,-4.54,2.03,2.49
-1.53,4.38,-1.45,-1.0,-2.98,0.01,1.56
-2.39,-0.11,-2.41,-4.37,0.79,0.38,1.33
4.23,6.08,-7.54,4.12,5.0,5.58,1.89
-1.45,-3.37,-7.69,8.49,-9.8,5.27,3.72
-5.44,-3.75,-8.23,3.54,-2.75,1.49,3.15
7.73,-0.37,9.18,-0.45,5.73,-0.69,1.34
1.88,0.06,4.71,9.29,8.85,-5.04,2.51
5.95,9.43,-4.98,-3.93,-2.9,4.33,1.44
9.78,-9.38,6.81,-0.21,-0.61,7.08,9.17
6.72,1.7,4.98,-2.33,-4.73,-3.21,3.88
0.59,-3.16,9.23,6.04,-1.47,9.0,0.11
-8.13,7.67,-2.59,9.72,-8.05,-4.14,0.08
0.21,0.1,-1.27,8.18,-6.66,3.58,4.61
-8.0,-9.38,5.23,-7.68,2.34,-5.93,0.42
-9.64,-4.33,4.02,-8.46,-0.44,-3.4,0.51
-6.21,4.35,2.66,-7.65,6.45,2.3,0.0
-7.85,0.29,1.33,3.48,-9.21,7.88,1.01
-2.31,7.89,-1.98,2.75,-1.5,7.35,2.31
8.14,7.85,-0.97,5.2,8.96,4.93,0.51
4.21,-4.0,9.59,-7.47,2.46,5.53,1.62
-4.55,5.01,-4.86,1.15,0.07,-1.98,0.01
7.29,4.17,6.21,-9.49,-9.34,-4.97,3.89
-3.84,-1.72,-7.56,9.92,7.96,4.06,4.84
7.31,-9.85,6.98,-5.69,-3.13,7.76,0.53
0.13,-9.48,6.02,7.31,5.14,-1.33,1.6
4.75,-6.13,7.13,9.48,7.01,-8.83,0.09
-3.7,-1.87,3.3,-5.0,-6.16,0.29,0.82
4.53,0.57,2.53,-2.64,-2.03,-3.42,4.1
-5.72,0.16,2.21,-9.09,0.42,1.58,0.19
-8.01,5.77,-7.59,-4.8,-5.63,-4.7,1.05
-1.03,9.1,5.1,2.89,4.63,-8.5,1.62
9.94,-0.93,-0.32,-6.84,-7.78,9.22,1.39
10.0,9.39,3.33,-0.57,-1.37,-4.1,5.73
9.18,5.42,-1.56,-0.15,3.66,-4.41,1.47
8.88,-1.87,-1.49,-6.51,-2.7,-4.06,2.49
-4.76,-4.29,-5.03,-1.47,4.14,6.96,4.39
-9.36,-3.12,-4.8,-9.62,-7.63,-2.04,0.18
-2.2,-1.63,1.27,-6.7,0.16,-0.8,0.16
5.13,1.61,-6.38,2.39,-0.39,3.87,2.36
3.09,-1.88,-0.53,-0.94,2.24,2.68,1.45
-2.05,-5.69,1.36,5.47,-6.14,-9.02,0.12
9.73,-6.96,8.65,4.49,-1.6,4.82,0.66
-8.07,-3.42,3.77,4.0,8.0,6.64,2.96
-3.07,-3.22,-1.43,6.43,-4.87,1.6,2.13
-5.87,-0.02,-6.88,-6.88,-2.71,7.44,1.88
-0.82,-3.9,-0.4,5.48,-8.08,-4.17,0.59
-6.63,-9.94,1.8,-7.07,4.07,-6.09,0.12
-0.42,1.81,7.61,-2.19,1.79,5.5,3.04
2.86,-5.71,6.95,-8.03,-9.3,1.39,1.94
-8.49,-0.59,9.44,-3.61,-6.56,5.59,0.65
-3.95,9.42,-8.18,-5.08,-0.18,3.56,0.07
2.66,7.11,-4.2,9.99,3.47,-1.17,0.43
-9.5,3.34,4.93,5.25,2.83,-1.09,1.29
-9.5,3.28,-2.92,-7.9,-2.72,7.07,0.48
0.96,-3.4,6.31,-9.44,2.05,6.94,1.14
-1.47,0.84,0.56,-3.78,8.72,-1.49,0.4
5.06,0.73,-1.33,-9.25,-0.52,-5.48,2.52
-2.33,9.98,7.45,2.19,-0.14,-7.48,3.95
1.84,5.17,3.45,6.9,-2.18,-4.2,1.83
0.41,9.13,4.57,-9.39,0.3,0.96,2.41
2.58,-5.41,-2.23,-7.4,-4.84,-5.49,1.16
8.78,-4.54,-0.77,0.91,-2.85,-3.81,2.27
-7.88,-2.79,-4.25,7.07,-6.86,5.47,2.36
-0.84,-8.84,-5.46,-3.59,-8.26,4.6,0.9
3.0,0.41,7.4,7.34,-6.15,5.21,2.9
-1.88,-4.64,4.04,3.1,-9.42,6.0,0.46
-2.38,4.27,-0.77,-4.69,8.27,1.11,0.26
1.29,-3.52,3.04,1.64,-7.37,2.59,0.63
8.06,-2.66,-2.25,-5.54,9.69,-7.87,0.7
-7.97,5.22,0.48,5.3,9.99,1.75,1.75
8.3,-8.26,4.59,-6.79,3.43,1.9,0.59
-5.25,-7.24,-2.33,-9.8,1.65,5.83,1.42
5.87,-5.39,-2.8,7.26,-9.1,9.36,0.94
3.94,-6.71,8.31,-7.81,8.28,-3.63,0.99
-0.49,5.0,-6.03,-8.92,1.57,7.39,0.31
0.91,-0.55,9.96,-7.37,4.11,5.23,9.47
-6.04,-7.15,0.25,-5.3,-0.87,2.42,0.68
-8.57,-7.66,-9.98,9.64,-7.8,-3.27,2.16
0.66,1.25,7.94,3.29,3.98,-6.33,6.79
5.97,-0.95,-2.78,-0.3,7.74,1.39,0.77
7.25,6.56,0.72,0.31,-6.6,2.88,2.0
-5.21,-5.24,-6.39,-7.44,-6.51,-5.28,0.33
4.82,7.91,7.12,7.04,-6.19,-7.27,2.83
2.27,6.31,9.93,-5.24,2.48,1.06,3.05
7.69,9.94,5.73,-2.4,-4.89,5.78,2.14
5.1,-4.92,6.66,2.39,-2.22,-2.95,1.82
6.14,5.5,4.81,-2.2,6.79,-2.29,1.67
6.05,-6.34,-9.85,-3.67,-2.76,-2.7,0.83
-3.27,8.81,-5.55,2.53,9.49,-5.16,0.7
1.25,0.54,-0.55,4.46,4.98,-1.44,0.29
6.97,-7.84,-6.92,-5.46,-5.41,7.41,0.29
0.56,0.62,-0.42,6.84,7.68,1.47,0.65
-8.88,2.19,-8.52,6.56,-2.68,4.39,2.83
-4.37,-7.35,-0.39,-8.7,-8.52,-1.5,0.12
7.58,-5.85,-8.45,-5.98,-1.86,-8.25,1.87
0.17,6.78,4.04,2.16,5.48,-4.47,1.08
-2.0,3.67,9.82,3.83,5.9,9.0,0.09
9.31,-2.39,-3.56,-3.77,-5.77,-1.91,2.01
-2.61,2.62,5.72,-3.65,1.15,6.82,0.42
8.0,8.88,7.05,-3.26,-2.37,2.98,2.66
-2.7,5.2,3.33,-4.76,-9.5,-1.0,2.43
-7.78,8.29,0.12,-3.98,-6.81,4.4,0.87
6.16,7.9,8.82,2.81,-6.38,-4.46,3.44
-9.2,-3.2,-9.13,5.68,4.56,-0.53,3.54
4.46,-6.71,-2.23,3.09,-4.74,4.63,1.08
-2.13,8.43,-5.88,-2.85,-4.84,-7.13,2.69
0.48,-4.57,9.33,-4.86,5.22,-0.12,1.11
9.67,1.4,2.15,2.68,9.53,7.99,0.69
9.8,4.06,1.15,4.66,-3.53,-0.12,1.24
-2.96,-5.91,4.81,-4.26,8.64,3.19,1.4
2.61,-4.18,0.37,-6.71,-4.26,-9.1,2.28
7.43,-1.79,-2.12,-0.0,-1.2,0.96,0.66
0.54,-5.79,-1.77,0.83,1.97,-8.33,1.38
-2.62,-6.18,-3.91,5.95,-4.05,-1.0,2.02
-8.4,-8.57,5.7,6.17,4.89,-9.41,1.15
-7.36,-7.96,9.62,-5.2,-6.7,7.49,0.01
-5.56,-3.97,0.11,3.06,0.25,8.31,5.16
-4.89,-2.63,5.19,-3.16,-2.99,7.65,0.76
-6.47,-3.63,5.62,3.43,-7.99,1.55,0.26
-3.75,-6.88,0.45,2.72,2.35,-8.64,0.31
-5.37,0.18,9.17,4.95,-4.26,4.48,0.05
4.62,-1.52,2.9,5.15,-0.59,5.84,0.77
8.06,-8.38,2.7,-1.8,7.98,-7.71,0.39
-8.92,8.2,-6.56,9.04,4.28,-0.44,1.89
-5.43,-7.61,-7.98,7.76,-4.19,8.47,3.61
1.18,2.5,9.08,-5.5,7.36,3.95,3.98
4.9,-7.73,-2.61,-1.01,-3.1,4.83,0.82
4.51,-2.47,3.13,9.1,-6.68,6.41,0.22
1.4,5.51,4.24,2.32,7.43,1.6,0.5
-9.4,-8.52,-8.68,5.68,-7.2,-0.1,1.92
7.49,-6.73,-0.67,8.78,-4.13,-4.53,0.0
7.93,6.03,6.64,-6.83,-5.93,8.56,2.53
-5.88,3.45,4.12,-4.96,9.98,4.47,0.6
3.41,10.0,0.46,5.44,-7.35,-7.67,2.36
4.63,-5.46,9.86,9.72,-5.4,6.02,0.33
-6.81,-0.76,3.1,-8.76,-3.95,5.54,0.09
-0.13,9.77,-2.91,7.12,-3.58,-4.86,0.85
-3.38,6.44,-6.16,-7.02,-5.83,-5.36,1.57
4.74,-9.67,-9.2,0.93,1.21,9.6,9.0
-6.18,6.6,5.23,-3.73,6.37,5.77,0.51
3.73,6.15,-6.47,9.57,-5.15,-1.65,0.22
4.63,8.48,4.38,-5.97,6.46,-2.03,1.99
-0.87,2.92,6.0,-8.37,-2.32,-6.26,4.59
8.94,9.56,1.4,1.11,5.03,-2.4,0.79
-0.93,0.87,-7.74,-4.57,3.34,0.0,5.91
-8.59,-5.04,-2.57,-0.53,1.66,-3.22,0.43
7.87,6.85,8.35,7.05,2.83,6.35,0.07
3.51,6.17,2.24,8.81,8.39,-2.72,0.49
-2.17,2.88,-5.94,-3.23,0.03,3.12,1.43
4.52,-8.89,-0.61,-1.77,-7.05,-7.9,1.8
-7.62,9.48,-2.21,5.5,-7.2,4.24,0.31
3.75,3.37,-7.67,2.25,-7.54,0.38,0.51
-1.33,9.2,-4.23,-3.53,9.41,5.94,0.78
-1.23,-0.17,3.71,-1.57,-2.94,6.44,1.28
4.19,0.7,-3.95,-0.77,-7.96,-8.4,2.36
9.96,4.84,3.4,1.66,-1.47,1.12,1.05
6.32,0.69,-8.66,-8.61,2.69,2.43,0.13
1.2,6.83,-4.1,-5.02,-2.39,6.12,0.8
4.25,0.04,5.23,-6.01,-2.34,-8.27,4.82
8.55,-8.52,-1.37,-0.75,8.73,7.06,1.83
5.37,-4.24,3.65,-2.36,-8.48,4.91,1.37
6.44,0.57,5.58,9.34,-9.76,2.41,1.8
1.65,-3.25,3.84,8.36,-2.65,-5.17,0.55
-8.85,-0.86,-0.45,5.09,4.54,-9.14,1.21
-2.61,2.97,9.2,4.34,0.57,2.06,0.83
-5.71,3.76,5.96,1.47,5.58,2.39,1.05
-0.78,-5.37,-4.19,-8.3,5.78,3.74,2.03
1.34,-1.84,3.86,-0.5,-7.36,-7.45,3.55
-6.55,9.64,-9.12,7.67,5.31,-2.87,1.6
2.53,9.04,2.45,6.59,6.6,-6.95,0.82
-0.66,7.41,-6.33,-7.26,-4.85,-9.8,2.57
-4.4,-3.33,-0.22,-2.37,-1.31,4.17,1.62
-2.01,3.41,5.98,0.83,7.14,-4.07,1.32
7.05,3.11,2.55,-7.96,-0.97,0.29,2.73
9.35,-1.15,-0.87,-0.94,-6.1,-6.26,2.93
6.78,9.06,4.1,-2.09,1.66,-6.96,4.53
3.15,4.55,-6.64,8.85,-8.59,-0.68,0.23
1.89,6.7,0.54,9.13,0.17,-7.85,1.15
1.52,2.9,-9.01,-6.4,-6.27,-6.39,0.73
-5.53,-4.21,7.24,-1.02,-3.54,9.04,1.58
2.57,-8.82,-6.53,-8.8,4.13,2.74,1.19
4.74,-3.21,7.75,2.13,-5.68,3.81,1.58
-4.65,8.06,7.93,6.91,-7.26,-8.49,2.1
-4.14,4.21,-0.06,-6.63,5.18,0.28,0.14
-7.48,-8.29,9.87,0.41,9.29,-6.65,0.86
5.42,6.4,7.76,-3.43,0.4,-3.98,4.36
2.86,-0.97,-0.26,7.36,5.51,1.36,1.01
-4.17,-3.07,8.51,3.83,-5.96,-7.94,1.67
6.9,9.19,-3.08,2.87,2.5,9.82,2.86
5.84,-7.51,4.09,4.07,-1.37,-2.95,0.31
-7.03,2.01,2.26,-2.68,-3.47,-9.31,3.15
3.51,0.29,-3.33,-8.55,4.44,-1.39,0.7
-3.39,-1.55,2.0,9.57,1.62,-5.9,1.33
-7.77,8.15,6.06,4.27,2.66,-5.47,0.28
7.11,-6.98,6.03,5.29,-3.75,8.19,0.88
-4.54,1.21,8.43,6.56,0.32,6.36,0.93
-5.87,-2.64,1.85,0.25,-4.01,-8.92,2.12
1.71,0.42,-2.71,9.17,-9.01,-9.88,0.43
-2.17,-6.87,8.63,9.48,-2.35,7.27,1.53
-1.88,-5.82,-1.46,-7.0,-0.67,-6.29,0.49
4.84,-5.99,-5.95,3.68,-6.94,5.93,1.26
3.96,-3.23,-1.69,6.75,-5.73,-8.03,0.6
-1.72,-1.94,3.09,-2.88,9.35,3.13,1.2
-8.68,2.05,-8.71,9.24,0.25,7.36,3.54
-2.77,-6.28,-8.93,3.21,-0.93,7.05,5.41
3.53,7.83,-6.99,-9.54,1.9,5.53,0.73
2.25,-0.43,6.28,-3.93,-1.26,-4.38,5.85
-9.36,-0.64,-3.31,9.13,8.32,-9.53,2.06
4.92,9.72,-0.51,-8.35,5.63,-8.12,2.37
1.7,-4.06,3.19,-4.72,6.22,-6.68,0.85
4.91,-5.34,-2.31,2.69,1.09,-2.01,0.99
-9.22,-9.08,0.59,5.37,0.6,6.18,3.62
0.95,-0.3,-9.04,5.87,-1.94,-3.57,8.48
-2.87,-9.79,-0.42,-2.14,3.39,1.43,1.95
2.95,2.59,-7.41,5.31,-3.7,5.96,1.65
7.23,1.9,1.48,5.27,-3.22,9.14,0.39
-8.92,6.19,2.9,1.6,4.63,7.56,2.8
8.91,9.68,-9.4,-4.59,7.86,-9.23,1.35
3.4,-8.54,1.57,8.07,5.67,8.76,2.67
6.37,-7.94,7.49,0.37,5.63,-1.55,0.21
7.59,-3.46,-8.08,7.43,5.49,5.42,2.46
-6.88,0.13,4.89,-9.4,1.0,2.03,0.4
8.04,5.95,-9.46,6.01,-5.07,4.43,0.23
-5.73,-4.69,-1.41,6.9,4.11,-7.31,2.06
-0.74,-6.11,5.04,0.06,-0.6,7.15,11.26
8.67,4.41,-1.71,-1.56,-6.96,2.95,1.95
-7.74,6.57,-6.39,1.41,-1.6,-6.51,2.4
0.61,-8.36,1.19,1.4,7.13,-6.58,1.05
3.73,3.42,2.47,-9.73,-8.59,3.32,3.06
-4.58,-6.25,-3.77,-4.37,3.59,-4.89,0.88
4.7,-4.42,2.75,-3.84,-6.07,-9.67,3.2
4.01,6.77,8.93,9.76,-9.64,7.28,1.97
6.34,8.0,9.81,-1.86,-7.86,7.79,2.6
1.5,-0.65,2.17,-4.8,-3.13,-0.51,3.32
-5.58,-0.86,-3.57,-3.24,-7.03,-4.27,0.11
0.1,5.28,8.12,4.28,8.29,-3.04,1.53
2.06,-8.61,-2.92,-5.15,2.16,-4.94,0.35
-7.46,-8.2,-4.5,-2.23,-8.58,7.67,1.46
-9.49,6.23,9.74,4.15,-5.55,2.19,0.46
-8.19,8.64,8.01,-5.74,4.95,7.97,0.24
-0.63,0.12,-4.94,-0.54,-1.15,-5.85,2.56
-1.34,-6.95,7.01,2.36,-7.98,0.75,0.4
-0.1,-3.07,8.34,-8.27,5.68,-7.77,2.72
-7.91,-8.73,1.17,8.54,-6.15,4.09,1.93
-1.96,0.2,9.81,8.04,-4.7,-6.71,4.45
-5.71,-1.71,7.68,-6.67,2.77,-1.96,0.85
-2.61,-1.56,4.13,-1.65,5.29,-4.9,0.21
-2.42,3.42,-5.74,6.79,8.7,-3.95,2.18
2.47,-7.13,0.86,9.88,-0.56,3.74,1.82
2.03,-6.88,-5.73,-1.84,-0.6,7.12,3.89
5.53,-3.01,-2.38,9.59,-6.79,-9.96,0.63
-7.2,-1.93,0.46,5.37,2.58,-7.56,1.23
5.03,2.73,9.75,4.01,0.14,-4.58,3.17
3.64,5.84,2.05,3.74,4.69,0.68,0.16
8.12,4.48,5.52,-2.33,-8.41,9.38,2.11
3.08,-3.37,5.54,7.26,-2.09,-4.49,1.06
0.01,-5.03,-3.58,9.25,-6.97,-5.94,1.39
3.41,-5.25,2.7,7.49,6.31,-1.74,1.09
-0.98,-1.61,9.74,-9.04,2.55,-5.46,5.07
4.35,9.3,5.81,-7.24,-7.56,-5.53,3.84
5.67,-2.64,1.79,-1.4,-0.44,-0.18,2.15
8.25,4.79,-3.09,0.54,-7.01,5.06,1.24
-8.4,7.98,1.33,-5.98,-5.36,5.27,0.83
5.5,1.27,-9.27,-6.68,-7.42,2.03,0.77
0.33,3.69,7.88,1.57,2.24,-2.54,2.75
-9.64,-4.46,7.05,4.84,6.67,9.15,3.17
8.23,-1.54,-4.98,-2.93,8.24,0.74,0.49
7.02,0.21,-5.72,-7.1,4.38,4.35,0.02
1.92,-3.57,2.26,-6.0,8.02,0.36,0.09
6.84,8.09,-9.06,2.95,-9.02,-1.59,1.36
-7.86,1.06,-9.31,0.79,-9.81,-3.56,0.75
7.1,4.76,7.98,3.07,-9.31,-5.23,3.49
-3.91,-9.91,0.91,5.68,9.37,4.05,2.95
3.25,-1.1,0.88,-9.59,4.4,5.04,0.9
-4.21,-5.72,-7.05,-4.75,9.17,8.39,3.63
2.63,-9.26,3.74,7.34,3.05,-7.79,0.63
-5.32,-4.24,-1.57,-4.83,6.63,-3.0,1.49
-4.96,9.94,8.52,0.28,5.28,3.15,0.43
0.28,7.35,5.83,-9.74,-3.83,9.09,2.26
-6.32,-7.54,-0.88,7.07,2.61,1.45,2.98
7.17,-4.99,-0.02,-2.42,-6.05,-4.07,2.17
4.0,7.29,-1.61,3.81,-1.89,3.9,0.2
8.65,3.92,5.2,-5.13,-6.06,-4.39,3.83
-9.02,0.74,-4.81,-0.55,4.29,-0.72,2.14
5.18,2.17,5.95,2.85,-8.31,8.59,2.01
-0.19,7.91,-8.77,-8.13,8.67,7.4,0.8
-2.0,5.19,4.36,-7.93,-0.67,7.69,1.47
-8.32,-6.17,-6.38,-1.09,-0.2,6.55,6.76
-0.57,0.56,7.72,4.25,-4.23,9.27,8.1
-6.91,-8.1,9.65,2.04,-7.71,5.12,0.43
1.58,5.41,6.63,-7.81,9.3,-9.33,3.06
-0.11,-6.17,-2.26,-0.03,-4.1,-9.16,1.86
1.42,-6.27,3.37,-9.95,9.19,7.08,0.7
-1.62,-0.55,-7.94,7.47,-9.65,5.26,6.16
9.92,-1.41,-2.52,-8.36,1.46,7.41,0.54
4.96,7.63,-2.28,-3.02,-9.44,4.68,1.92
9.0,5.3,-0.2,0.22,-3.87,0.84,2.07
2.84,8.75,-8.28,-9.0,4.94,5.04,0.26
-8.71,5.19,-4.14,5.41,5.89,7.84,3.15
-1.13,7.08,2.17,7.06,-5.29,6.06,0.25
-8.31,3.17,-0.31,3.3,3.73,2.65,2.56
-4.44,4.81,9.0,-3.55,-4.85,7.56,1.57
-8.34,2.19,-1.46,5.48,1.28,5.08,2.99
-8.96,-1.51,9.05,-3.08,1.44,8.53,2.18
4.71,-0.15,-0.87,-8.35,-8.59,7.43,1.58
-6.82,-3.51,9.91,-0.64,-4.2,5.37,0.18
-0.31,6.17,4.41,-9.56,-8.2,-6.66,3.6
-9.78,-5.57,-9.81,-9.34,4.77,2.58,2.05
1.35,3.85,3.61,-7.23,2.92,5.07,2.06
-8.21,-2.9,0.31,-5.6,7.79,9.53,2.46
1.52,1.81,4.52,2.08,-9.02,7.46,3.27
-6.66,5.87,-6.12,-6.01,5.11,2.08,0.93
-8.74,-1.67,-7.54,0.22,-4.83,5.99,2.3
7.53,-6.68,2.32,8.35,4.22,-1.73,0.84
0.53,5.93,-9.16,6.38,4.68,-7.71,0.88
5.89,-4.37,3.88,-4.6,-2.19,-6.17,3.28
-1.15,-9.2,2.59,-6.76,5.3,-3.06,0.31
-1.35,6.25,7.17,-6.34,0.51,3.03,2.33
-2.25,-7.62,3.51,6.0,-4.54,-9.55,0.27
-4.41,4.44,-7.34,-8.07,8.24,4.13,1.54
0.55,8.47,6.74,4.34,-0.03,5.92,0.5
7.29,-5.93,-9.27,8.82,-2.98,2.78,1.77
-5.17,-0.21,-2.59,7.54,-2.61,-7.97,1.16
6.06,-9.07,-9.71,-5.68,7.06,9.06,2.32
-1.03,5.04,-5.11,-5.57,-1.06,-8.15,2.39
4.98,7.95,-8.07,-1.75,-1.53,-5.98,4.5
-8.98,-4.84,-2.78,-8.85,-9.98,4.56,0.56
0.43,-9.45,-5.35,-8.33,-2.91,-2.23,0.01
5.93,3.07,-6.89,2.0,-4.26,8.23,0.95
-6.29,4.78,-5.13,-1.38,6.64,-9.7,0.19
-0.53,-7.16,1.57,-0.34,7.18,-1.21,1.64
-9.69,6.34,0.33,-8.88,-2.4,6.25,0.29
0.71,-8.28,-5.93,4.35,-0.82,4.82,3.51
1.93,-0.41,2.53,-6.53,-7.83,2.27,3.24
-3.72,-0.72,-6.9,-0.34,7.37,-8.37,2.81
-9.32,-0.12,0.8,7.8,-6.02,-8.4,0.26
-9.0,7.84,-7.35,0.17,-5.92,-8.7,1.73
-9.86,-8.95,-5.34,-3.44,-1.52,-1.84,0.01
-8.3,0.53,9.75,6.27,-9.86,-8.78,1.3
4.8,3.07,8.32,-3.02,-0.7,8.5,1.3
-3.54,-5.61,-5.62,-5.44,-9.52,9.01,1.68
8.38,2.1,9.38,5.5,-8.69,4.91,2.13
-3.7,5.96,-4.45,4.88,9.03,-7.33,0.95
8.62,-8.94,-2.62,-6.56,-3.41,-2.98,1.51
1.52,3.96,0.81,-4.67,-9.1,-5.44,3.36
4.02,0.43,-5.18,-3.16,-1.73,9.86,1.56
0.66,9.47,-3.02,-7.21,-3.24,6.24,1.28
-8.33,8.8,-2.46,-1.49,-9.02,7.71,0.14
-10.0,7.87,-0.08,-3.36,-3.27,0.12,1.21
-1.77,2.68,-8.79,-8.97,-0.48,2.47,1.68
-2.69,6.46,-1.02,8.12,4.45,8.57,1.89
8.86,-9.64,4.12,-5.4,-8.38,-9.23,2.56
-1.0,9.64,-9.57,3.79,3.06,3.53,2.23
6.23,-0.43,7.93,-6.37,-2.05,-8.71,4.76
1.72,-2.97,-8.79,-2.27,5.27,7.81,4.81
-7.91,-9.72,-4.95,1.64,-7.56,1.0,1.17
9.79,6.48,3.52,2.32,1.37,6.79,2.2
3.5,0.95,1.96,-6.46,8.93,-6.73,2.15
